client_id,gender,age,style,total_spent,num_appointments,location,gender_encoded,style_encoded
C00001,F,29,Fineline,2337,8,London-UK,0,0
C00002,F,23,Fineline,2343,8,London-UK,0,0
C00003,M,24,Fineline,2593,8,London-UK,1,0
C00004,F,24,Fineline,2229,8,London-UK,0,0
C00005,F,24,Fineline,1918,8,London-UK,0,0
C00006,F,23,Fineline,2360,8,London-UK,0,0
C00007,F,40,Fineline,2077,8,London-UK,0,0
C00008,M,36,Fineline,1948,8,London-UK,1,0
C00009,F,28,Blackwork,2477,8,London-UK,0,1
C00010,M,35,Fineline,1982,8,London-UK,1,0
C00011,F,20,Fineline,2493,8,London-UK,0,0
C00012,F,23,Fineline,2547,8,London-UK,0,0
C00013,F,36,Fineline,2126,8,London-UK,0,0
C00014,M,25,Fineline,2260,8,London-UK,1,0
C00015,F,39,Fineline,2193,8,London-UK,0,0
C00016,F,21,Fineline,2025,8,London-UK,0,0
C00017,F,36,Fineline,2041,8,London-UK,0,0
C00018,F,32,Fineline,2289,8,London-UK,0,0
C00019,F,37,Fineline,1985,8,London-UK,0,0
C00020,M,26,Fineline,2350,8,London-UK,1,0
C00021,F,33,Blackwork,2665,8,London-UK,0,1
C00022,M,40,Fineline,1983,8,London-UK,1,0
C00023,F,39,Fineline,2397,8,London-UK,0,0
C00024,F,36,Blackwork,2598,8,London-UK,0,1
C00025,F,36,Fineline,2532,8,London-UK,0,0
C00026,F,33,Fineline,2613,8,London-UK,0,0
C00027,F,36,Fineline,2017,8,London-UK,0,0
C00028,M,28,Fineline,2019,8,London-UK,1,0
C00029,F,35,Fineline,2020,8,London-UK,0,0
C00030,F,39,Fineline,2399,8,London-UK,0,0
C00031,M,21,Fineline,2329,8,London-UK,1,0
C00032,F,29,Fineline,2380,8,London-UK,0,0
C00033,M,26,Blackwork,2417,8,London-UK,1,1
C00034,F,32,Fineline,2239,8,London-UK,0,0
C00035,F,25,Fineline,1945,8,London-UK,0,0
C00036,M,26,Fineline,2027,8,London-UK,1,0
C00037,F,36,Fineline,2339,8,London-UK,0,0
C00038,F,39,Fineline,2320,8,London-UK,0,0
C00039,F,23,Fineline,2727,8,London-UK,0,0
C00040,F,30,Fineline,2352,8,London-UK,0,0
C00041,M,34,Fineline,2112,8,London-UK,1,0
C00042,F,23,Fineline,2344,8,London-UK,0,0
C00043,M,20,Fineline,1874,8,London-UK,1,0
C00044,F,23,Fineline,2395,8,London-UK,0,0
C00045,F,35,Fineline,2242,8,London-UK,0,0
C00046,F,29,Fineline,2256,8,London-UK,0,0
C00047,M,33,Fineline,2083,8,London-UK,1,0
C00048,F,37,Fineline,1724,8,London-UK,0,0
C00049,F,37,Fineline,2494,8,London-UK,0,0
C00050,F,20,Fineline,2331,8,London-UK,0,0
C00051,F,35,Fineline,2309,8,London-UK,0,0
C00052,F,25,Blackwork,2464,8,London-UK,0,1
C00053,F,21,Fineline,1814,8,London-UK,0,0
C00054,F,20,Fineline,2029,8,London-UK,0,0
C00055,F,34,Fineline,2354,8,London-UK,0,0
C00056,M,28,Fineline,2143,8,London-UK,1,0
C00057,F,40,Blackwork,2634,8,London-UK,0,1
C00058,F,35,Fineline,2656,8,London-UK,0,0
C00059,F,21,Blackwork,2520,8,London-UK,0,1
C00060,F,33,Fineline,1870,8,London-UK,0,0
C00061,F,26,Fineline,1686,8,London-UK,0,0
C00062,F,36,Fineline,2133,8,London-UK,0,0
C00063,F,34,Fineline,2093,8,London-UK,0,0
C00064,F,26,Fineline,2118,8,London-UK,0,0
C00065,F,25,Fineline,1905,8,London-UK,0,0
C00066,F,25,Fineline,2080,8,London-UK,0,0
C00067,F,30,Blackwork,2427,8,London-UK,0,1
C00068,M,32,Fineline,2262,8,London-UK,1,0
C00069,F,34,Blackwork,2581,8,London-UK,0,1
C00070,F,21,Blackwork,2783,8,London-UK,0,1
C00071,F,23,Fineline,2021,8,London-UK,0,0
C00072,F,30,Fineline,2189,8,London-UK,0,0
C00073,F,20,Fineline,2065,8,London-UK,0,0
C00074,F,40,Fineline,2424,8,London-UK,0,0
C00075,F,38,Fineline,2069,8,London-UK,0,0
C00076,F,20,Fineline,2326,8,London-UK,0,0
C00077,F,26,Blackwork,2338,8,London-UK,0,1
C00078,F,22,Blackwork,2375,8,London-UK,0,1
C00079,F,25,Fineline,2248,8,London-UK,0,0
C00080,F,29,Fineline,2303,8,London-UK,0,0
C00081,F,27,Blackwork,2621,8,London-UK,0,1
C00082,F,37,Blackwork,2375,8,London-UK,0,1
C00083,F,34,Blackwork,2396,8,London-UK,0,1
C00084,F,35,Blackwork,2551,8,London-UK,0,1
C00085,F,29,Blackwork,2667,8,London-UK,0,1
C00086,F,22,Fineline,2147,8,London-UK,0,0
C00087,F,40,Fineline,2168,8,London-UK,0,0
C00088,F,39,Fineline,2132,8,London-UK,0,0
C00089,F,26,Fineline,1970,8,London-UK,0,0
C00090,F,26,Fineline,1964,8,London-UK,0,0
C00091,F,27,Fineline,2068,8,London-UK,0,0
C00092,F,28,Fineline,2482,8,London-UK,0,0
C00093,F,39,Fineline,2177,8,London-UK,0,0
C00094,F,31,Fineline,2219,8,London-UK,0,0
C00095,M,27,Fineline,1894,8,London-UK,1,0
C00096,M,35,Fineline,2502,8,London-UK,1,0
C00097,F,39,Fineline,2323,8,London-UK,0,0
C00098,M,31,Fineline,2197,8,London-UK,1,0
C00099,M,32,Fineline,2009,8,London-UK,1,0
C00100,M,28,Fineline,2410,8,London-UK,1,0
C00101,F,37,Fineline,2340,8,London-UK,0,0
C00102,F,38,Fineline,1874,8,London-UK,0,0
C00103,F,36,Fineline,2286,8,London-UK,0,0
C00104,F,39,Fineline,2333,8,London-UK,0,0
C00105,F,31,Fineline,1098,5,London-UK,0,0
C00106,F,27,Fineline,1206,5,London-UK,0,0
C00107,F,39,Fineline,614,3,London-UK,0,0
C00108,F,35,Fineline,879,3,London-UK,0,0
C00109,F,20,Fineline,659,3,London-UK,0,0
C00110,F,28,Fineline,776,3,London-UK,0,0
C00111,F,34,Fineline,792,3,London-UK,0,0
C00112,F,35,Fineline,765,3,London-UK,0,0
C00113,F,27,Fineline,579,3,London-UK,0,0
C00114,F,20,Fineline,626,3,London-UK,0,0
C00115,F,31,Blackwork,1023,3,London-UK,0,1
C00116,F,25,Fineline,628,3,London-UK,0,0
C00117,M,20,Blackwork,1062,3,London-UK,1,1
C00118,F,39,Fineline,683,3,London-UK,0,0
C00119,M,21,Fineline,626,3,London-UK,1,0
C00120,F,31,Fineline,649,3,London-UK,0,0
C00121,F,24,Fineline,634,3,London-UK,0,0
C00122,M,21,Blackwork,1121,3,London-UK,1,1
C00123,F,26,Fineline,834,3,London-UK,0,0
C00124,F,38,Fineline,617,3,London-UK,0,0
C00125,F,33,Fineline,588,3,London-UK,0,0
C00126,F,22,Fineline,881,3,London-UK,0,0
C00127,F,25,Fineline,571,3,London-UK,0,0
C00128,F,22,Blackwork,1085,3,London-UK,0,1
C00129,F,22,Fineline,899,3,London-UK,0,0
C00130,F,30,Fineline,808,3,London-UK,0,0
C00131,F,24,Fineline,634,3,London-UK,0,0
C00132,F,30,Blackwork,969,3,London-UK,0,1
C00133,F,35,Fineline,768,3,London-UK,0,0
C00134,F,22,Fineline,776,3,London-UK,0,0
C00135,F,24,Fineline,625,3,London-UK,0,0
C00136,F,22,Fineline,905,3,London-UK,0,0
C00137,F,27,Fineline,676,3,London-UK,0,0
C00138,F,36,Blackwork,967,3,London-UK,0,1
C00139,F,36,Fineline,613,3,London-UK,0,0
C00140,F,23,Fineline,818,3,London-UK,0,0
C00141,F,22,Fineline,638,3,London-UK,0,0
C00142,M,23,Fineline,769,3,London-UK,1,0
C00143,F,24,Fineline,772,3,London-UK,0,0
C00144,F,22,Fineline,638,3,London-UK,0,0
C00145,F,24,Fineline,797,3,London-UK,0,0
C00146,F,37,Fineline,841,3,London-UK,0,0
C00147,M,21,Blackwork,959,3,London-UK,1,1
C00148,F,25,Fineline,842,3,London-UK,0,0
C00149,F,37,Fineline,787,3,London-UK,0,0
C00150,F,33,Fineline,671,3,London-UK,0,0
C00151,F,31,Fineline,611,3,London-UK,0,0
C00152,F,22,Blackwork,971,3,London-UK,0,1
C00153,M,20,Fineline,577,3,London-UK,1,0
C00154,F,30,Fineline,596,3,London-UK,0,0
C00155,F,40,Fineline,652,3,London-UK,0,0
C00156,M,21,Fineline,616,3,London-UK,1,0
C00157,M,30,Fineline,809,3,London-UK,1,0
C00158,M,26,Fineline,625,3,London-UK,1,0
C00159,F,35,Fineline,741,3,London-UK,0,0
C00160,F,33,Fineline,631,3,London-UK,0,0
C00161,F,24,Fineline,855,3,London-UK,0,0
C00162,F,27,Fineline,780,3,London-UK,0,0
C00163,F,33,Fineline,654,3,London-UK,0,0
C00164,F,25,Fineline,782,3,London-UK,0,0
C00165,F,22,Fineline,864,3,London-UK,0,0
C00166,F,34,Blackwork,1159,3,London-UK,0,1
C00167,F,39,Fineline,612,3,London-UK,0,0
C00168,F,26,Fineline,844,3,London-UK,0,0
C00169,F,27,Fineline,608,3,London-UK,0,0
C00170,F,31,Fineline,645,3,London-UK,0,0
C00171,F,24,Fineline,627,3,London-UK,0,0
C00172,M,33,Fineline,655,3,London-UK,1,0
C00173,F,39,Blackwork,957,3,London-UK,0,1
C00174,F,28,Blackwork,922,3,London-UK,0,1
C00175,F,21,Blackwork,956,3,London-UK,0,1
C00176,M,38,Fineline,610,3,London-UK,1,0
C00177,M,30,Fineline,573,3,London-UK,1,0
C00178,F,29,Fineline,583,3,London-UK,0,0
C00179,F,36,Fineline,565,3,London-UK,0,0
C00180,F,39,Blackwork,957,3,London-UK,0,1
C00181,M,22,Fineline,654,3,London-UK,1,0
C00182,F,31,Blackwork,980,3,London-UK,0,1
C00183,F,38,Fineline,805,3,London-UK,0,0
C00184,M,39,Fineline,629,3,London-UK,1,0
C00185,F,26,Blackwork,931,3,London-UK,0,1
C00186,F,36,Fineline,626,3,London-UK,0,0
C00187,F,33,Fineline,855,3,London-UK,0,0
C00188,F,32,Blackwork,1010,3,London-UK,0,1
C00189,F,26,Fineline,930,3,London-UK,0,0
C00190,F,29,Fineline,653,3,London-UK,0,0
C00191,F,32,Blackwork,830,3,London-UK,0,1
C00192,F,37,Fineline,829,3,London-UK,0,0
C00193,F,37,Fineline,618,3,London-UK,0,0
C00194,F,40,Fineline,636,3,London-UK,0,0
C00195,F,33,Fineline,611,3,London-UK,0,0
C00196,M,28,Fineline,625,3,London-UK,1,0
C00197,F,39,Blackwork,1020,3,London-UK,0,1
C00198,F,37,Blackwork,902,3,London-UK,0,1
C00199,F,27,Fineline,618,3,London-UK,0,0
C00200,F,25,Fineline,611,3,London-UK,0,0
C00201,F,23,Fineline,645,3,London-UK,0,0
C00202,M,31,Fineline,634,3,London-UK,1,0
C00203,F,39,Fineline,602,3,London-UK,0,0
C00204,F,26,Fineline,633,3,London-UK,0,0
C00205,F,25,Blackwork,1019,3,London-UK,0,1
C00206,F,23,Fineline,600,3,London-UK,0,0
C00207,F,32,Fineline,706,3,London-UK,0,0
C00208,M,40,Fineline,661,3,London-UK,1,0
C00209,F,23,Fineline,706,3,London-UK,0,0
C00210,F,22,Fineline,831,3,London-UK,0,0
C00211,M,39,Fineline,663,3,London-UK,1,0
C00212,F,36,Fineline,598,3,London-UK,0,0
C00213,F,23,Fineline,865,3,London-UK,0,0
C00214,F,37,Fineline,611,3,London-UK,0,0
C00215,M,40,Fineline,566,3,London-UK,1,0
C00216,F,23,Blackwork,982,3,London-UK,0,1
C00217,F,20,Fineline,621,3,London-UK,0,0
C00218,F,38,Fineline,823,3,London-UK,0,0
C00219,M,27,Fineline,734,3,London-UK,1,0
C00220,F,28,Fineline,796,3,London-UK,0,0
C00221,F,38,Fineline,795,3,London-UK,0,0
C00222,M,23,Fineline,888,3,London-UK,1,0
C00223,F,20,Fineline,604,3,London-UK,0,0
C00224,F,24,Fineline,661,3,London-UK,0,0
C00225,F,39,Fineline,799,3,London-UK,0,0
C00226,M,21,Fineline,736,3,London-UK,1,0
C00227,F,32,Fineline,744,3,London-UK,0,0
C00228,F,31,Fineline,640,3,London-UK,0,0
C00229,F,38,Fineline,881,3,London-UK,0,0
C00230,F,35,Fineline,600,3,London-UK,0,0
C00231,F,40,Fineline,652,3,London-UK,0,0
C00232,F,27,Fineline,659,3,London-UK,0,0
C00233,F,37,Fineline,605,3,London-UK,0,0
C00234,F,33,Fineline,681,3,London-UK,0,0
C00235,M,39,Fineline,689,3,London-UK,1,0
C00236,M,26,Fineline,607,3,London-UK,1,0
C00237,F,22,Fineline,637,3,London-UK,0,0
C00238,F,26,Fineline,784,3,London-UK,0,0
C00239,M,31,Fineline,862,3,London-UK,1,0
C00240,F,22,Fineline,636,3,London-UK,0,0
C00241,F,20,Fineline,833,3,London-UK,0,0
C00242,M,23,Fineline,801,3,London-UK,1,0
C00243,F,29,Fineline,795,3,London-UK,0,0
C00244,F,38,Fineline,594,3,London-UK,0,0
C00245,F,40,Fineline,682,3,London-UK,0,0
C00246,F,27,Fineline,670,3,London-UK,0,0
C00247,F,32,Fineline,631,3,London-UK,0,0
C00248,M,35,Fineline,604,3,London-UK,1,0
C00249,M,40,Fineline,604,3,London-UK,1,0
C00250,F,22,Fineline,745,3,London-UK,0,0
C00251,F,25,Blackwork,1053,3,London-UK,0,1
C00252,F,20,Fineline,628,3,London-UK,0,0
C00253,M,34,Fineline,623,3,London-UK,1,0
C00254,M,36,Blackwork,919,3,London-UK,1,1
C00255,F,34,Fineline,651,3,London-UK,0,0
C00256,F,20,Fineline,797,3,London-UK,0,0
C00257,M,23,Fineline,856,3,London-UK,1,0
C00258,F,28,Fineline,635,3,London-UK,0,0
C00259,F,29,Fineline,657,3,London-UK,0,0
C00260,F,32,Fineline,722,3,London-UK,0,0
C00261,F,33,Fineline,880,3,London-UK,0,0
C00262,F,26,Fineline,613,3,London-UK,0,0
C00263,F,31,Fineline,791,3,London-UK,0,0
C00264,F,27,Fineline,764,3,London-UK,0,0
C00265,F,22,Blackwork,961,3,London-UK,0,1
C00266,F,20,Fineline,862,3,London-UK,0,0
C00267,F,33,Fineline,653,3,London-UK,0,0
C00268,F,32,Fineline,702,3,London-UK,0,0
C00269,F,21,Fineline,571,3,London-UK,0,0
C00270,F,31,Fineline,643,3,London-UK,0,0
C00271,F,30,Fineline,623,3,London-UK,0,0
C00272,F,32,Fineline,791,3,London-UK,0,0
C00273,F,25,Fineline,727,3,London-UK,0,0
C00274,F,29,Blackwork,956,3,London-UK,0,1
C00275,F,26,Fineline,620,3,London-UK,0,0
C00276,F,32,Fineline,827,3,London-UK,0,0
C00277,F,20,Fineline,865,3,London-UK,0,0
C00278,F,39,Fineline,813,3,London-UK,0,0
C00279,M,22,Fineline,645,3,London-UK,1,0
C00280,M,20,Fineline,667,3,London-UK,1,0
C00281,F,27,Fineline,586,3,London-UK,0,0
C00282,F,33,Fineline,768,3,London-UK,0,0
C00283,F,30,Fineline,707,3,London-UK,0,0
C00284,F,39,Fineline,636,3,London-UK,0,0
C00285,F,26,Fineline,780,3,London-UK,0,0
C00286,M,24,Fineline,629,3,London-UK,1,0
C00287,M,28,Fineline,594,3,London-UK,1,0
C00288,F,30,Fineline,785,3,London-UK,0,0
C00289,F,32,Fineline,669,3,London-UK,0,0
C00290,F,36,Fineline,803,3,London-UK,0,0
C00291,F,40,Fineline,634,3,London-UK,0,0
C00292,M,35,Fineline,596,3,London-UK,1,0
C00293,F,32,Fineline,621,3,London-UK,0,0
C00294,F,31,Fineline,894,3,London-UK,0,0
C00295,F,34,Fineline,743,3,London-UK,0,0
C00296,M,26,Fineline,580,3,London-UK,1,0
C00297,F,30,Fineline,666,3,London-UK,0,0
C00298,M,26,Fineline,688,3,London-UK,1,0
C00299,F,25,Fineline,641,3,London-UK,0,0
C00300,M,29,Fineline,609,3,London-UK,1,0
C00301,F,34,Fineline,815,3,London-UK,0,0
C00302,F,27,Fineline,596,3,London-UK,0,0
C00303,F,25,Fineline,638,3,London-UK,0,0
C00304,M,28,Fineline,631,3,London-UK,1,0
C00305,F,40,Fineline,602,3,London-UK,0,0
C00306,F,34,Blackwork,954,3,London-UK,0,1
C00307,F,25,Fineline,707,3,London-UK,0,0
C00308,M,35,Fineline,781,3,London-UK,1,0
C00309,F,26,Fineline,905,3,London-UK,0,0
C00310,F,26,Fineline,662,3,London-UK,0,0
C00311,M,26,Fineline,846,3,London-UK,1,0
C00312,F,36,Fineline,629,3,London-UK,0,0
C00313,F,38,Fineline,643,3,London-UK,0,0
C00314,F,37,Blackwork,852,3,London-UK,0,1
C00315,F,36,Fineline,639,3,London-UK,0,0
C00316,F,20,Fineline,634,3,London-UK,0,0
C00317,F,25,Fineline,728,3,London-UK,0,0
C00318,F,36,Blackwork,916,3,London-UK,0,1
C00319,F,32,Blackwork,1105,3,London-UK,0,1
C00320,F,31,Fineline,612,3,London-UK,0,0
C00321,F,35,Fineline,695,3,London-UK,0,0
C00322,F,28,Fineline,875,3,London-UK,0,0
C00323,F,29,Blackwork,1062,3,London-UK,0,1
C00324,F,31,Fineline,635,3,London-UK,0,0
C00325,M,30,Fineline,716,3,London-UK,1,0
C00326,F,27,Fineline,696,3,London-UK,0,0
C00327,F,34,Fineline,909,3,London-UK,0,0
C00328,F,37,Fineline,640,3,London-UK,0,0
C00329,F,31,Fineline,605,3,London-UK,0,0
C00330,F,27,Fineline,758,3,London-UK,0,0
C00331,F,24,Blackwork,831,3,London-UK,0,1
C00332,F,40,Fineline,609,3,London-UK,0,0
C00333,F,37,Fineline,644,3,London-UK,0,0
C00334,F,34,Fineline,623,3,London-UK,0,0
C00335,F,32,Fineline,798,3,London-UK,0,0
C00336,M,33,Fineline,870,3,London-UK,1,0
C00337,F,21,Fineline,647,3,London-UK,0,0
C00338,F,25,Fineline,608,3,London-UK,0,0
C00339,F,20,Fineline,849,3,London-UK,0,0
C00340,F,30,Fineline,794,3,London-UK,0,0
C00341,F,30,Fineline,581,3,London-UK,0,0
C00342,F,34,Fineline,665,3,London-UK,0,0
C00343,F,25,Fineline,801,3,London-UK,0,0
C00344,F,37,Fineline,584,3,London-UK,0,0
C00345,F,32,Fineline,778,3,London-UK,0,0
C00346,F,32,Fineline,693,3,London-UK,0,0
C00347,F,34,Fineline,751,3,London-UK,0,0
C00348,F,20,Blackwork,1087,3,London-UK,0,1
C00349,M,22,Fineline,596,3,London-UK,1,0
C00350,F,36,Fineline,606,3,London-UK,0,0
C00351,F,24,Fineline,670,3,London-UK,0,0
C00352,F,37,Fineline,645,3,London-UK,0,0
C00353,F,22,Fineline,888,3,London-UK,0,0
C00354,F,27,Fineline,645,3,London-UK,0,0
C00355,F,29,Fineline,648,3,London-UK,0,0
C00356,F,21,Fineline,855,3,London-UK,0,0
C00357,F,21,Fineline,648,3,London-UK,0,0
C00358,F,38,Fineline,698,3,London-UK,0,0
C00359,M,29,Blackwork,1172,3,London-UK,1,1
C00360,F,21,Fineline,841,3,London-UK,0,0
C00361,F,40,Fineline,791,3,London-UK,0,0
C00362,F,34,Blackwork,1134,3,London-UK,0,1
C00363,F,33,Fineline,584,3,London-UK,0,0
C00364,F,32,Fineline,589,3,London-UK,0,0
C00365,F,20,Fineline,583,3,London-UK,0,0
C00366,F,33,Fineline,826,3,London-UK,0,0
C00367,F,40,Fineline,647,3,London-UK,0,0
C00368,F,20,Fineline,622,3,London-UK,0,0
C00369,M,32,Fineline,590,3,London-UK,1,0
C00370,F,27,Blackwork,1142,3,London-UK,0,1
C00371,F,39,Fineline,608,3,London-UK,0,0
C00372,F,24,Fineline,866,3,London-UK,0,0
C00373,F,34,Fineline,866,3,London-UK,0,0
C00374,F,23,Fineline,833,3,London-UK,0,0
C00375,F,25,Fineline,579,3,London-UK,0,0
C00376,F,34,Fineline,620,3,London-UK,0,0
C00377,M,28,Fineline,676,3,London-UK,1,0
C00378,F,29,Fineline,897,3,London-UK,0,0
C00379,F,26,Fineline,653,3,London-UK,0,0
C00380,F,30,Fineline,610,3,London-UK,0,0
C00381,F,32,Fineline,713,3,London-UK,0,0
C00382,M,25,Fineline,616,3,London-UK,1,0
C00383,F,39,Fineline,647,3,London-UK,0,0
C00384,F,31,Fineline,887,3,London-UK,0,0
C00385,M,28,Fineline,622,3,London-UK,1,0
C00386,F,38,Fineline,617,3,London-UK,0,0
C00387,F,32,Fineline,707,3,London-UK,0,0
C00388,F,36,Fineline,644,3,London-UK,0,0
C00389,M,32,Fineline,782,3,London-UK,1,0
C00390,F,34,Fineline,632,3,London-UK,0,0
C00391,F,21,Blackwork,924,3,London-UK,0,1
C00392,F,25,Fineline,771,3,London-UK,0,0
C00393,F,30,Fineline,655,3,London-UK,0,0
C00394,F,34,Fineline,645,3,London-UK,0,0
C00395,F,20,Fineline,597,3,London-UK,0,0
C00396,F,34,Fineline,616,3,London-UK,0,0
C00397,F,32,Fineline,638,3,London-UK,0,0
C00398,F,29,Fineline,786,3,London-UK,0,0
C00399,F,25,Fineline,610,3,London-UK,0,0
C00400,F,22,Fineline,870,3,London-UK,0,0
C00401,F,39,Fineline,771,3,London-UK,0,0
C00402,F,37,Fineline,919,3,London-UK,0,0
C00403,F,20,Fineline,621,3,London-UK,0,0
C00404,M,23,Fineline,630,3,London-UK,1,0
C00405,F,23,Fineline,646,3,London-UK,0,0
C00406,M,35,Fineline,563,3,London-UK,1,0
C00407,F,21,Fineline,642,3,London-UK,0,0
C00408,F,22,Blackwork,922,3,London-UK,0,1
C00409,F,32,Fineline,870,3,London-UK,0,0
C00410,M,29,Fineline,629,3,London-UK,1,0
C00411,M,23,Fineline,617,3,London-UK,1,0
C00412,F,20,Fineline,604,3,London-UK,0,0
C00413,M,23,Fineline,757,3,London-UK,1,0
C00414,M,39,Fineline,815,3,London-UK,1,0
C00415,F,32,Fineline,736,3,London-UK,0,0
C00416,M,40,Fineline,880,3,London-UK,1,0
C00417,F,21,Fineline,632,3,London-UK,0,0
C00418,F,36,Fineline,589,3,London-UK,0,0
C00419,F,34,Fineline,591,3,London-UK,0,0
C00420,F,20,Blackwork,1089,3,London-UK,0,1
C00421,M,24,Fineline,885,3,London-UK,1,0
C00422,M,29,Fineline,628,3,London-UK,1,0
C00423,F,31,Fineline,773,3,London-UK,0,0
C00424,F,29,Fineline,901,3,London-UK,0,0
C00425,F,31,Fineline,787,3,London-UK,0,0
C00426,F,38,Blackwork,840,3,London-UK,0,1
C00427,F,22,Fineline,596,3,London-UK,0,0
C00428,F,24,Fineline,579,3,London-UK,0,0
C00429,M,29,Fineline,755,3,London-UK,1,0
C00430,F,38,Fineline,771,3,London-UK,0,0
C00431,F,22,Fineline,690,3,London-UK,0,0
C00432,M,20,Fineline,630,3,London-UK,1,0
C00433,F,25,Blackwork,815,3,London-UK,0,1
C00434,F,38,Fineline,671,3,London-UK,0,0
C00435,F,22,Fineline,845,3,London-UK,0,0
C00436,F,37,Fineline,753,3,London-UK,0,0
C00437,F,33,Fineline,746,3,London-UK,0,0
C00438,F,31,Fineline,817,3,London-UK,0,0
C00439,F,40,Fineline,645,3,London-UK,0,0
C00440,F,38,Fineline,561,3,London-UK,0,0
C00441,M,27,Blackwork,999,3,London-UK,1,1
C00442,F,34,Fineline,596,3,London-UK,0,0
C00443,F,23,Fineline,752,3,London-UK,0,0
C00444,M,23,Fineline,762,3,London-UK,1,0
C00445,F,40,Fineline,725,3,London-UK,0,0
C00446,F,39,Fineline,603,3,London-UK,0,0
C00447,F,30,Fineline,833,3,London-UK,0,0
C00448,F,32,Fineline,581,3,London-UK,0,0
C00449,F,26,Fineline,623,3,London-UK,0,0
C00450,F,22,Fineline,825,3,London-UK,0,0
C00451,F,21,Fineline,640,3,London-UK,0,0
C00452,F,34,Fineline,599,3,London-UK,0,0
C00453,F,23,Fineline,660,3,London-UK,0,0
C00454,M,39,Fineline,617,3,London-UK,1,0
C00455,F,24,Fineline,611,3,London-UK,0,0
C00456,F,29,Fineline,722,3,London-UK,0,0
C00457,F,23,Fineline,604,3,London-UK,0,0
C00458,F,24,Blackwork,955,3,London-UK,0,1
C00459,F,28,Fineline,660,3,London-UK,0,0
C00460,F,20,Fineline,674,3,London-UK,0,0
C00461,F,36,Fineline,900,3,London-UK,0,0
C00462,F,40,Fineline,662,3,London-UK,0,0
C00463,F,39,Fineline,579,3,London-UK,0,0
C00464,F,38,Fineline,592,3,London-UK,0,0
C00465,F,35,Fineline,613,3,London-UK,0,0
C00466,F,29,Fineline,621,3,London-UK,0,0
C00467,F,38,Fineline,643,3,London-UK,0,0
C00468,F,34,Fineline,663,3,London-UK,0,0
C00469,F,26,Fineline,637,3,London-UK,0,0
C00470,F,38,Fineline,772,3,London-UK,0,0
C00471,F,20,Fineline,668,3,London-UK,0,0
C00472,F,36,Fineline,894,3,London-UK,0,0
C00473,F,31,Blackwork,931,3,London-UK,0,1
C00474,F,21,Blackwork,1126,3,London-UK,0,1
C00475,M,40,Blackwork,1054,3,London-UK,1,1
C00476,M,26,Fineline,636,3,London-UK,1,0
C00477,M,36,Fineline,670,3,London-UK,1,0
C00478,F,37,Fineline,736,3,London-UK,0,0
C00479,M,23,Fineline,795,3,London-UK,1,0
C00480,M,31,Fineline,640,3,London-UK,1,0
C00481,F,30,Fineline,588,3,London-UK,0,0
C00482,F,36,Fineline,602,3,London-UK,0,0
C00483,F,39,Fineline,881,3,London-UK,0,0
C00484,F,28,Fineline,707,3,London-UK,0,0
C00485,M,21,Fineline,778,3,London-UK,1,0
C00486,F,20,Fineline,816,3,London-UK,0,0
C00487,F,25,Fineline,848,3,London-UK,0,0
C00488,M,26,Blackwork,854,3,London-UK,1,1
C00489,F,20,Fineline,681,3,London-UK,0,0
C00490,F,33,Fineline,573,3,London-UK,0,0
C00491,F,24,Fineline,645,3,London-UK,0,0
C00492,F,28,Fineline,614,3,London-UK,0,0
C00493,F,29,Fineline,665,3,London-UK,0,0
C00494,F,20,Fineline,888,3,London-UK,0,0
C00495,F,22,Fineline,860,3,London-UK,0,0
C00496,F,32,Fineline,609,3,London-UK,0,0
C00497,F,25,Fineline,734,3,London-UK,0,0
C00498,F,27,Fineline,616,3,London-UK,0,0
C00499,M,21,Blackwork,1201,3,London-UK,1,1
C00500,F,28,Blackwork,943,3,London-UK,0,1
C00501,M,24,Fineline,615,3,London-UK,1,0
C00502,F,38,Fineline,620,3,London-UK,0,0
C00503,F,40,Blackwork,1047,3,London-UK,0,1
C00504,F,40,Fineline,736,3,London-UK,0,0
C00505,F,21,Fineline,634,3,London-UK,0,0
C00506,F,31,Fineline,624,3,London-UK,0,0
C00507,F,36,Fineline,630,3,London-UK,0,0
C00508,M,29,Fineline,851,3,London-UK,1,0
C00509,M,24,Blackwork,1250,3,London-UK,1,1
C00510,F,23,Fineline,660,3,London-UK,0,0
C00511,F,37,Fineline,770,3,London-UK,0,0
C00512,F,26,Fineline,653,3,London-UK,0,0
C00513,F,32,Fineline,847,3,London-UK,0,0
C00514,F,31,Fineline,656,3,London-UK,0,0
C00515,F,36,Fineline,627,3,London-UK,0,0
C00516,M,35,Blackwork,1309,3,London-UK,1,1
C00517,F,29,Fineline,865,3,London-UK,0,0
C00518,M,24,Fineline,619,3,London-UK,1,0
C00519,F,29,Fineline,933,3,London-UK,0,0
C00520,M,31,Fineline,661,3,London-UK,1,0
C00521,F,34,Fineline,843,3,London-UK,0,0
C00522,M,22,Fineline,771,3,London-UK,1,0
C00523,F,24,Fineline,831,3,London-UK,0,0
C00524,F,21,Blackwork,936,3,London-UK,0,1
C00525,F,38,Blackwork,1072,3,London-UK,0,1
C00526,F,22,Fineline,870,3,London-UK,0,0
C00527,F,33,Fineline,706,3,London-UK,0,0
C00528,F,22,Blackwork,924,3,London-UK,0,1
C00529,F,39,Blackwork,988,3,London-UK,0,1
C00530,F,22,Fineline,647,3,London-UK,0,0
C00531,F,31,Fineline,656,3,London-UK,0,0
C00532,F,28,Fineline,655,3,London-UK,0,0
C00533,F,30,Fineline,614,3,London-UK,0,0
C00534,F,37,Fineline,837,3,London-UK,0,0
C00535,F,22,Blackwork,1012,3,London-UK,0,1
C00536,F,22,Fineline,763,3,London-UK,0,0
C00537,F,23,Blackwork,935,3,London-UK,0,1
C00538,F,36,Fineline,803,3,London-UK,0,0
C00539,F,39,Fineline,645,3,London-UK,0,0
C00540,F,37,Fineline,870,3,London-UK,0,0
C00541,F,37,Fineline,803,3,London-UK,0,0
C00542,F,33,Fineline,626,3,London-UK,0,0
C00543,M,27,Fineline,765,3,London-UK,1,0
C00544,F,35,Fineline,660,3,London-UK,0,0
C00545,F,24,Fineline,849,3,London-UK,0,0
C00546,F,33,Fineline,675,3,London-UK,0,0
C00547,F,20,Blackwork,1050,3,London-UK,0,1
C00548,F,28,Fineline,629,3,London-UK,0,0
C00549,F,38,Fineline,863,3,London-UK,0,0
C00550,F,20,Fineline,634,3,London-UK,0,0
C00551,F,31,Fineline,839,3,London-UK,0,0
C00552,F,21,Fineline,851,3,London-UK,0,0
C00553,M,32,Fineline,900,3,London-UK,1,0
C00554,F,26,Fineline,841,3,London-UK,0,0
C00555,M,39,Fineline,593,3,London-UK,1,0
C00556,M,24,Fineline,771,3,London-UK,1,0
C00557,F,27,Fineline,637,3,London-UK,0,0
C00558,F,21,Fineline,713,3,London-UK,0,0
C00559,F,30,Fineline,637,3,London-UK,0,0
C00560,F,29,Fineline,843,3,London-UK,0,0
C00561,F,31,Fineline,934,3,London-UK,0,0
C00562,F,31,Fineline,587,3,London-UK,0,0
C00563,F,26,Fineline,639,3,London-UK,0,0
C00564,M,40,Fineline,784,3,London-UK,1,0
C00565,F,40,Fineline,908,3,London-UK,0,0
C00566,F,30,Fineline,904,3,London-UK,0,0
C00567,F,34,Fineline,655,3,London-UK,0,0
C00568,M,22,Fineline,691,3,London-UK,1,0
C00569,F,30,Fineline,777,3,London-UK,0,0
C00570,F,38,Blackwork,1024,3,London-UK,0,1
C00571,F,25,Fineline,832,3,London-UK,0,0
C00572,F,32,Fineline,720,3,London-UK,0,0
C00573,F,27,Fineline,628,3,London-UK,0,0
C00574,M,40,Fineline,648,3,London-UK,1,0
C00575,M,28,Fineline,804,3,London-UK,1,0
C00576,F,22,Fineline,755,3,London-UK,0,0
C00577,F,29,Fineline,668,3,London-UK,0,0
C00578,F,20,Fineline,891,3,London-UK,0,0
C00579,F,33,Fineline,639,3,London-UK,0,0
C00580,F,36,Fineline,646,3,London-UK,0,0
C00581,F,39,Fineline,618,3,London-UK,0,0
C00582,F,22,Fineline,906,3,London-UK,0,0
C00583,M,21,Fineline,881,3,London-UK,1,0
C00584,F,35,Fineline,622,3,London-UK,0,0
C00585,M,24,Blackwork,966,3,London-UK,1,1
C00586,M,36,Fineline,638,3,London-UK,1,0
C00587,F,40,Fineline,864,3,London-UK,0,0
C00588,F,22,Fineline,625,3,London-UK,0,0
C00589,F,20,Fineline,750,3,London-UK,0,0
C00590,F,25,Fineline,624,3,London-UK,0,0
C00591,F,20,Fineline,560,3,London-UK,0,0
C00592,F,33,Fineline,642,3,London-UK,0,0
C00593,F,36,Fineline,798,3,London-UK,0,0
C00594,F,24,Fineline,766,3,London-UK,0,0
C00595,F,34,Fineline,846,3,London-UK,0,0
C00596,F,40,Blackwork,1010,3,London-UK,0,1
C00597,F,23,Fineline,748,3,London-UK,0,0
C00598,M,33,Fineline,592,3,London-UK,1,0
C00599,F,36,Blackwork,977,3,London-UK,0,1
C00600,F,31,Fineline,636,3,London-UK,0,0
C00601,M,40,Fineline,590,3,London-UK,1,0
C00602,F,27,Fineline,617,3,London-UK,0,0
C00603,F,38,Blackwork,1026,3,London-UK,0,1
C00604,F,37,Fineline,775,3,London-UK,0,0
C00605,F,37,Fineline,654,3,London-UK,0,0
C00606,F,26,Fineline,634,3,London-UK,0,0
C00607,F,31,Fineline,595,3,London-UK,0,0
C00608,F,24,Fineline,728,3,London-UK,0,0
C00609,F,29,Fineline,668,3,London-UK,0,0
C00610,F,40,Blackwork,1012,3,London-UK,0,1
C00611,F,28,Fineline,619,3,London-UK,0,0
C00612,F,23,Fineline,882,3,London-UK,0,0
C00613,F,28,Fineline,661,3,London-UK,0,0
C00614,M,31,Fineline,651,3,London-UK,1,0
C00615,F,40,Fineline,759,3,London-UK,0,0
C00616,F,37,Fineline,733,3,London-UK,0,0
C00617,F,26,Fineline,608,3,London-UK,0,0
C00618,F,33,Fineline,611,3,London-UK,0,0
C00619,F,29,Fineline,620,3,London-UK,0,0
C00620,F,36,Fineline,612,3,London-UK,0,0
C00621,F,28,Fineline,929,3,London-UK,0,0
C00622,F,31,Fineline,602,3,London-UK,0,0
C00623,M,23,Fineline,662,3,London-UK,1,0
C00624,F,28,Fineline,647,3,London-UK,0,0
C00625,F,40,Fineline,628,3,London-UK,0,0
C00626,F,26,Fineline,902,3,London-UK,0,0
C00627,F,32,Fineline,891,3,London-UK,0,0
C00628,F,26,Fineline,574,3,London-UK,0,0
C00629,F,39,Fineline,786,3,London-UK,0,0
C00630,F,36,Fineline,613,3,London-UK,0,0
C00631,F,29,Fineline,642,3,London-UK,0,0
C00632,F,39,Blackwork,981,3,London-UK,0,1
C00633,F,28,Fineline,623,3,London-UK,0,0
C00634,F,20,Fineline,633,3,London-UK,0,0
C00635,F,23,Fineline,684,3,London-UK,0,0
C00636,F,22,Blackwork,1276,3,London-UK,0,1
C00637,F,25,Fineline,767,3,London-UK,0,0
C00638,F,23,Fineline,859,3,London-UK,0,0
C00639,F,30,Fineline,870,3,London-UK,0,0
C00640,F,35,Fineline,682,3,London-UK,0,0
C00641,F,27,Blackwork,931,3,London-UK,0,1
C00642,F,24,Fineline,641,3,London-UK,0,0
C00643,F,32,Fineline,904,3,London-UK,0,0
C00644,F,31,Fineline,633,3,London-UK,0,0
C00645,F,30,Fineline,699,3,London-UK,0,0
C00646,M,28,Fineline,601,3,London-UK,1,0
C00647,F,29,Fineline,604,3,London-UK,0,0
C00648,F,35,Fineline,736,3,London-UK,0,0
C00649,F,28,Fineline,880,3,London-UK,0,0
C00650,F,40,Fineline,868,3,London-UK,0,0
C00651,F,22,Fineline,921,3,London-UK,0,0
C00652,M,38,Fineline,608,3,London-UK,1,0
C00653,F,22,Fineline,882,3,London-UK,0,0
C00654,F,33,Fineline,607,3,London-UK,0,0
C00655,M,24,Fineline,736,3,London-UK,1,0
C00656,F,32,Blackwork,989,3,London-UK,0,1
C00657,F,26,Fineline,871,3,London-UK,0,0
C00658,F,27,Fineline,587,3,London-UK,0,0
C00659,F,24,Blackwork,1010,3,London-UK,0,1
C00660,F,20,Fineline,603,3,London-UK,0,0
C00661,F,31,Fineline,702,3,London-UK,0,0
C00662,F,35,Fineline,678,3,London-UK,0,0
C00663,M,36,Fineline,780,3,London-UK,1,0
C00664,F,39,Fineline,885,3,London-UK,0,0
C00665,F,20,Fineline,798,3,London-UK,0,0
C00666,F,25,Fineline,807,3,London-UK,0,0
C00667,F,34,Fineline,942,3,London-UK,0,0
C00668,F,33,Fineline,555,3,London-UK,0,0
C00669,F,30,Fineline,694,3,London-UK,0,0
C00670,F,21,Fineline,598,3,London-UK,0,0
C00671,F,33,Fineline,765,3,London-UK,0,0
C00672,F,40,Fineline,632,3,London-UK,0,0
C00673,F,25,Fineline,776,3,London-UK,0,0
C00674,M,29,Fineline,764,3,London-UK,1,0
C00675,F,24,Fineline,768,3,London-UK,0,0
C00676,F,22,Fineline,569,3,London-UK,0,0
C00677,F,24,Fineline,598,3,London-UK,0,0
C00678,F,29,Fineline,634,3,London-UK,0,0
C00679,F,32,Fineline,749,3,London-UK,0,0
C00680,F,27,Fineline,687,3,London-UK,0,0
C00681,F,38,Fineline,657,3,London-UK,0,0
C00682,F,30,Fineline,591,3,London-UK,0,0
C00683,F,39,Fineline,918,3,London-UK,0,0
C00684,M,28,Fineline,912,3,London-UK,1,0
C00685,F,26,Fineline,852,3,London-UK,0,0
C00686,F,38,Fineline,716,3,London-UK,0,0
C00687,M,23,Fineline,820,3,London-UK,1,0
C00688,F,35,Fineline,869,3,London-UK,0,0
C00689,F,36,Fineline,692,3,London-UK,0,0
C00690,F,21,Fineline,627,3,London-UK,0,0
C00691,F,23,Fineline,603,3,London-UK,0,0
C00692,F,21,Fineline,706,3,London-UK,0,0
C00693,F,30,Fineline,868,3,London-UK,0,0
C00694,F,36,Fineline,584,3,London-UK,0,0
C00695,F,27,Fineline,774,3,London-UK,0,0
C00696,F,22,Fineline,777,3,London-UK,0,0
C00697,M,36,Fineline,627,3,London-UK,1,0
C00698,F,36,Fineline,634,3,London-UK,0,0
C00699,F,21,Fineline,843,3,London-UK,0,0
C00700,M,33,Fineline,955,3,London-UK,1,0
C00701,F,26,Fineline,617,3,London-UK,0,0
C00702,F,22,Fineline,572,3,London-UK,0,0
C00703,F,22,Fineline,769,3,London-UK,0,0
C00704,F,36,Fineline,654,3,London-UK,0,0
C00705,F,34,Blackwork,1025,3,London-UK,0,1
C00706,M,29,Fineline,598,3,London-UK,1,0
C00707,F,38,Fineline,786,3,London-UK,0,0
C00708,F,30,Fineline,892,3,London-UK,0,0
C00709,F,35,Fineline,635,3,London-UK,0,0
C00710,F,33,Fineline,739,3,London-UK,0,0
C00711,F,33,Fineline,658,3,London-UK,0,0
C00712,F,22,Fineline,572,3,London-UK,0,0
C00713,F,20,Fineline,596,3,London-UK,0,0
C00714,F,33,Fineline,628,3,London-UK,0,0
C00715,F,36,Fineline,628,3,London-UK,0,0
C00716,F,39,Fineline,665,3,London-UK,0,0
C00717,M,24,Fineline,661,3,London-UK,1,0
C00718,F,21,Fineline,613,3,London-UK,0,0
C00719,M,40,Fineline,612,3,London-UK,1,0
C00720,F,21,Fineline,612,3,London-UK,0,0
C00721,F,38,Fineline,664,3,London-UK,0,0
C00722,M,20,Fineline,887,3,London-UK,1,0
C00723,F,22,Fineline,888,3,London-UK,0,0
C00724,F,23,Fineline,758,3,London-UK,0,0
C00725,F,37,Fineline,572,3,London-UK,0,0
C00726,F,31,Fineline,595,3,London-UK,0,0
C00727,M,29,Fineline,730,3,London-UK,1,0
C00728,M,28,Fineline,910,3,London-UK,1,0
C00729,F,28,Fineline,887,3,London-UK,0,0
C00730,F,39,Fineline,689,3,London-UK,0,0
C00731,F,38,Fineline,659,3,London-UK,0,0
C00732,F,23,Fineline,569,3,London-UK,0,0
C00733,F,40,Fineline,851,3,London-UK,0,0
C00734,F,36,Fineline,649,3,London-UK,0,0
C00735,F,37,Fineline,640,3,London-UK,0,0
C00736,F,31,Fineline,769,3,London-UK,0,0
C00737,F,20,Blackwork,968,3,London-UK,0,1
C00738,F,36,Fineline,675,3,London-UK,0,0
C00739,F,36,Fineline,663,3,London-UK,0,0
C00740,F,38,Fineline,640,3,London-UK,0,0
C00741,F,23,Fineline,638,3,London-UK,0,0
C00742,F,32,Fineline,752,3,London-UK,0,0
C00743,F,40,Blackwork,1034,3,London-UK,0,1
C00744,F,23,Fineline,579,3,London-UK,0,0
C00745,F,21,Fineline,615,3,London-UK,0,0
C00746,F,29,Fineline,641,3,London-UK,0,0
C00747,F,23,Fineline,641,3,London-UK,0,0
C00748,M,24,Fineline,587,3,London-UK,1,0
C00749,F,20,Fineline,606,3,London-UK,0,0
C00750,F,39,Fineline,900,3,London-UK,0,0
C00751,M,27,Fineline,650,3,London-UK,1,0
C00752,M,40,Fineline,663,3,London-UK,1,0
C00753,M,40,Fineline,625,3,London-UK,1,0
C00754,F,32,Fineline,662,3,London-UK,0,0
C00755,F,37,Fineline,894,3,London-UK,0,0
C00756,M,23,Fineline,626,3,London-UK,1,0
C00757,F,25,Fineline,839,3,London-UK,0,0
C00758,F,32,Fineline,635,3,London-UK,0,0
C00759,M,24,Fineline,650,3,London-UK,1,0
C00760,F,24,Fineline,641,3,London-UK,0,0
C00761,F,22,Fineline,859,3,London-UK,0,0
C00762,M,25,Fineline,594,3,London-UK,1,0
C00763,F,26,Fineline,804,3,London-UK,0,0
C00764,F,39,Fineline,889,3,London-UK,0,0
C00765,F,20,Fineline,633,3,London-UK,0,0
C00766,F,29,Fineline,704,3,London-UK,0,0
C00767,F,40,Fineline,832,3,London-UK,0,0
C00768,F,36,Fineline,597,3,London-UK,0,0
C00769,F,24,Fineline,944,3,London-UK,0,0
C00770,F,21,Fineline,706,3,London-UK,0,0
C00771,F,40,Fineline,616,3,London-UK,0,0
C00772,F,25,Fineline,816,3,London-UK,0,0
C00773,F,35,Fineline,605,3,London-UK,0,0
C00774,F,38,Fineline,624,3,London-UK,0,0
C00775,M,25,Fineline,841,3,London-UK,1,0
C00776,F,29,Fineline,781,3,London-UK,0,0
C00777,M,26,Fineline,815,3,London-UK,1,0
C00778,F,20,Fineline,614,3,London-UK,0,0
C00779,M,26,Fineline,742,3,London-UK,1,0
C00780,F,37,Fineline,862,3,London-UK,0,0
C00781,F,23,Fineline,745,3,London-UK,0,0
C00782,F,24,Fineline,649,3,London-UK,0,0
C00783,F,26,Fineline,598,3,London-UK,0,0
C00784,F,22,Fineline,606,3,London-UK,0,0
C00785,F,24,Fineline,839,3,London-UK,0,0
C00786,F,40,Fineline,691,3,London-UK,0,0
C00787,M,33,Blackwork,1070,3,London-UK,1,1
C00788,F,21,Fineline,856,3,London-UK,0,0
C00789,F,29,Fineline,891,3,London-UK,0,0
C00790,F,33,Blackwork,813,3,London-UK,0,1
C00791,F,36,Fineline,773,3,London-UK,0,0
C00792,F,21,Fineline,587,3,London-UK,0,0
C00793,F,34,Fineline,834,3,London-UK,0,0
C00794,M,37,Fineline,872,3,London-UK,1,0
C00795,F,26,Fineline,894,3,London-UK,0,0
C00796,F,32,Fineline,610,3,London-UK,0,0
C00797,F,32,Fineline,657,3,London-UK,0,0
C00798,F,36,Fineline,847,3,London-UK,0,0
C00799,F,40,Fineline,900,3,London-UK,0,0
C00800,F,39,Fineline,663,3,London-UK,0,0
C00801,F,23,Blackwork,1125,3,London-UK,0,1
C00802,F,33,Fineline,671,3,London-UK,0,0
C00803,F,21,Fineline,725,3,London-UK,0,0
C00804,F,37,Fineline,842,3,London-UK,0,0
C00805,M,24,Blackwork,994,3,London-UK,1,1
C00806,F,33,Fineline,606,3,London-UK,0,0
C00807,F,34,Fineline,633,3,London-UK,0,0
C00808,F,38,Fineline,644,3,London-UK,0,0
C00809,F,20,Blackwork,1043,3,London-UK,0,1
C00810,F,22,Blackwork,844,3,London-UK,0,1
C00811,M,29,Fineline,615,3,London-UK,1,0
C00812,F,24,Fineline,641,3,London-UK,0,0
C00813,F,38,Fineline,909,3,London-UK,0,0
C00814,F,35,Fineline,632,3,London-UK,0,0
C00815,F,28,Fineline,609,3,London-UK,0,0
C00816,F,28,Fineline,647,3,London-UK,0,0
C00817,F,39,Fineline,617,3,London-UK,0,0
C00818,F,40,Fineline,602,3,London-UK,0,0
C00819,F,21,Fineline,885,3,London-UK,0,0
C00820,F,31,Fineline,771,3,London-UK,0,0
C00821,F,25,Fineline,837,3,London-UK,0,0
C00822,M,34,Blackwork,879,3,London-UK,1,1
C00823,F,39,Fineline,649,3,London-UK,0,0
C00824,F,22,Fineline,616,3,London-UK,0,0
C00825,F,24,Fineline,565,3,London-UK,0,0
C00826,M,32,Fineline,654,3,London-UK,1,0
C00827,F,36,Fineline,876,3,London-UK,0,0
C00828,M,20,Fineline,724,3,London-UK,1,0
C00829,F,38,Fineline,587,3,London-UK,0,0
C00830,F,21,Fineline,562,3,London-UK,0,0
C00831,F,40,Blackwork,949,3,London-UK,0,1
C00832,F,32,Fineline,695,3,London-UK,0,0
C00833,F,34,Fineline,790,3,London-UK,0,0
C00834,M,35,Fineline,649,3,London-UK,1,0
C00835,F,20,Fineline,818,3,London-UK,0,0
C00836,F,25,Fineline,880,3,London-UK,0,0
C00837,F,38,Fineline,626,3,London-UK,0,0
C00838,F,37,Fineline,649,3,London-UK,0,0
C00839,F,30,Fineline,715,3,London-UK,0,0
C00840,F,33,Fineline,630,3,London-UK,0,0
C00841,F,36,Fineline,852,3,London-UK,0,0
C00842,M,32,Fineline,783,3,London-UK,1,0
C00843,F,26,Fineline,640,3,London-UK,0,0
C00844,F,23,Fineline,844,3,London-UK,0,0
C00845,F,22,Fineline,572,3,London-UK,0,0
C00846,F,29,Fineline,633,3,London-UK,0,0
C00847,F,24,Blackwork,1041,3,London-UK,0,1
C00848,F,24,Fineline,656,3,London-UK,0,0
C00849,F,28,Blackwork,927,3,London-UK,0,1
C00850,F,33,Fineline,921,3,London-UK,0,0
C00851,F,33,Fineline,624,3,London-UK,0,0
C00852,F,20,Fineline,908,3,London-UK,0,0
C00853,F,27,Fineline,650,3,London-UK,0,0
C00854,F,25,Fineline,787,3,London-UK,0,0
C00855,F,25,Fineline,587,3,London-UK,0,0
C00856,F,28,Fineline,838,3,London-UK,0,0
C00857,F,27,Fineline,859,3,London-UK,0,0
C00858,F,22,Fineline,678,3,London-UK,0,0
C00859,F,23,Blackwork,1046,3,London-UK,0,1
C00860,M,32,Fineline,669,3,London-UK,1,0
C00861,F,28,Fineline,749,3,London-UK,0,0
C00862,F,37,Fineline,645,3,London-UK,0,0
C00863,F,24,Fineline,775,3,London-UK,0,0
C00864,F,27,Fineline,849,3,London-UK,0,0
C00865,F,32,Fineline,655,3,London-UK,0,0
C00866,M,40,Fineline,634,3,London-UK,1,0
C00867,F,21,Fineline,871,3,London-UK,0,0
C00868,F,36,Fineline,625,3,London-UK,0,0
C00869,F,39,Fineline,768,3,London-UK,0,0
C00870,F,21,Fineline,635,3,London-UK,0,0
C00871,F,28,Fineline,656,3,London-UK,0,0
C00872,F,36,Blackwork,1113,3,London-UK,0,1
C00873,F,34,Fineline,610,3,London-UK,0,0
C00874,M,36,Fineline,731,3,London-UK,1,0
C00875,F,20,Fineline,798,3,London-UK,0,0
C00876,F,30,Fineline,623,3,London-UK,0,0
C00877,F,33,Fineline,761,3,London-UK,0,0
C00878,F,39,Fineline,616,3,London-UK,0,0
C00879,F,35,Fineline,640,3,London-UK,0,0
C00880,F,40,Fineline,593,3,London-UK,0,0
C00881,M,22,Fineline,884,3,London-UK,1,0
C00882,F,33,Fineline,806,3,London-UK,0,0
C00883,F,39,Fineline,600,3,London-UK,0,0
C00884,F,31,Fineline,954,3,London-UK,0,0
C00885,F,40,Fineline,613,3,London-UK,0,0
C00886,F,36,Fineline,795,3,London-UK,0,0
C00887,F,39,Fineline,611,3,London-UK,0,0
C00888,F,37,Fineline,858,3,London-UK,0,0
C00889,M,24,Fineline,634,3,London-UK,1,0
C00890,F,23,Blackwork,1036,3,London-UK,0,1
C00891,F,30,Fineline,851,3,London-UK,0,0
C00892,F,30,Fineline,646,3,London-UK,0,0
C00893,F,34,Blackwork,997,3,London-UK,0,1
C00894,F,25,Fineline,659,3,London-UK,0,0
C00895,F,31,Fineline,780,3,London-UK,0,0
C00896,F,30,Fineline,580,3,London-UK,0,0
C00897,F,31,Fineline,861,3,London-UK,0,0
C00898,F,27,Fineline,610,3,London-UK,0,0
C00899,F,29,Fineline,610,3,London-UK,0,0
C00900,F,28,Fineline,680,3,London-UK,0,0
C00901,F,20,Fineline,956,3,London-UK,0,0
C00902,F,23,Fineline,666,3,London-UK,0,0
C00903,F,28,Fineline,884,3,London-UK,0,0
C00904,F,34,Fineline,806,3,London-UK,0,0
C00905,F,38,Fineline,670,3,London-UK,0,0
C00906,F,31,Fineline,621,3,London-UK,0,0
C00907,M,26,Fineline,708,3,London-UK,1,0
C00908,F,24,Fineline,650,3,London-UK,0,0
C00909,F,27,Blackwork,1013,3,London-UK,0,1
C00910,M,40,Fineline,669,3,London-UK,1,0
C00911,F,33,Fineline,651,3,London-UK,0,0
C00912,F,35,Fineline,860,3,London-UK,0,0
C00913,F,36,Fineline,778,3,London-UK,0,0
C00914,F,31,Fineline,622,3,London-UK,0,0
C00915,M,35,Fineline,675,3,London-UK,1,0
C00916,M,25,Fineline,612,3,London-UK,1,0
C00917,M,38,Blackwork,1107,3,London-UK,1,1
C00918,F,40,Blackwork,881,3,London-UK,0,1
C00919,F,29,Fineline,625,3,London-UK,0,0
C00920,F,40,Fineline,868,3,London-UK,0,0
C00921,M,33,Fineline,643,3,London-UK,1,0
C00922,F,38,Fineline,670,3,London-UK,0,0
C00923,F,39,Fineline,782,3,London-UK,0,0
C00924,F,29,Fineline,588,3,London-UK,0,0
C00925,M,26,Fineline,759,3,London-UK,1,0
C00926,M,30,Fineline,824,3,London-UK,1,0
C00927,F,20,Fineline,889,3,London-UK,0,0
C00928,F,27,Fineline,598,3,London-UK,0,0
C00929,F,38,Fineline,637,3,London-UK,0,0
C00930,M,21,Fineline,619,3,London-UK,1,0
C00931,F,38,Fineline,611,3,London-UK,0,0
C00932,F,37,Fineline,629,3,London-UK,0,0
C00933,F,33,Fineline,745,3,London-UK,0,0
C00934,F,39,Fineline,683,3,London-UK,0,0
C00935,F,28,Fineline,623,3,London-UK,0,0
C00936,F,35,Fineline,800,3,London-UK,0,0
C00937,F,30,Fineline,614,3,London-UK,0,0
C00938,F,20,Blackwork,1012,3,London-UK,0,1
C00939,F,28,Fineline,918,3,London-UK,0,0
C00940,F,22,Fineline,593,3,London-UK,0,0
C00941,F,40,Fineline,670,3,London-UK,0,0
C00942,F,27,Fineline,864,3,London-UK,0,0
C00943,F,23,Fineline,752,3,London-UK,0,0
C00944,F,22,Fineline,857,3,London-UK,0,0
C00945,F,36,Fineline,598,3,London-UK,0,0
C00946,F,37,Fineline,599,3,London-UK,0,0
C00947,F,28,Fineline,740,3,London-UK,0,0
C00948,M,36,Fineline,612,3,London-UK,1,0
C00949,F,31,Blackwork,1170,3,London-UK,0,1
C00950,F,38,Fineline,633,3,London-UK,0,0
C00951,F,20,Fineline,642,3,London-UK,0,0
C00952,F,20,Fineline,658,3,London-UK,0,0
C00953,F,31,Fineline,686,3,London-UK,0,0
C00954,F,40,Fineline,766,3,London-UK,0,0
C00955,M,31,Fineline,785,3,London-UK,1,0
C00956,F,33,Fineline,603,3,London-UK,0,0
C00957,F,31,Fineline,657,3,London-UK,0,0
C00958,F,40,Fineline,804,3,London-UK,0,0
C00959,F,33,Fineline,863,3,London-UK,0,0
C00960,F,22,Fineline,638,3,London-UK,0,0
C00961,F,31,Fineline,613,3,London-UK,0,0
C00962,F,38,Blackwork,1042,3,London-UK,0,1
C00963,F,21,Fineline,698,3,London-UK,0,0
C00964,F,33,Fineline,641,3,London-UK,0,0
C00965,F,25,Fineline,641,3,London-UK,0,0
C00966,F,29,Fineline,886,3,London-UK,0,0
C00967,F,28,Blackwork,1034,3,London-UK,0,1
C00968,F,37,Fineline,572,3,London-UK,0,0
C00969,F,30,Fineline,823,3,London-UK,0,0
C00970,F,38,Fineline,713,3,London-UK,0,0
C00971,F,31,Blackwork,1037,3,London-UK,0,1
C00972,F,23,Blackwork,890,3,London-UK,0,1
C00973,F,39,Fineline,593,3,London-UK,0,0
C00974,F,33,Fineline,623,3,London-UK,0,0
C00975,M,22,Fineline,913,3,London-UK,1,0
C00976,F,30,Fineline,623,3,London-UK,0,0
C00977,M,27,Fineline,668,3,London-UK,1,0
C00978,F,23,Fineline,674,3,London-UK,0,0
C00979,F,26,Fineline,747,3,London-UK,0,0
C00980,M,31,Fineline,588,3,London-UK,1,0
C00981,F,33,Fineline,639,3,London-UK,0,0
C00982,F,23,Fineline,603,3,London-UK,0,0
C00983,F,32,Fineline,665,3,London-UK,0,0
C00984,F,31,Fineline,628,3,London-UK,0,0
C00985,F,23,Fineline,662,3,London-UK,0,0
C00986,M,38,Fineline,629,3,London-UK,1,0
C00987,F,40,Fineline,636,3,London-UK,0,0
C00988,F,30,Fineline,717,3,London-UK,0,0
C00989,F,27,Fineline,676,3,London-UK,0,0
C00990,F,29,Fineline,610,3,London-UK,0,0
C00991,F,29,Fineline,674,3,London-UK,0,0
C00992,M,39,Fineline,864,3,London-UK,1,0
C00993,M,27,Fineline,827,3,London-UK,1,0
C00994,F,20,Fineline,602,3,London-UK,0,0
C00995,F,26,Blackwork,959,3,London-UK,0,1
C00996,F,28,Fineline,555,3,London-UK,0,0
C00997,F,21,Fineline,627,3,London-UK,0,0
C00998,F,37,Fineline,660,3,London-UK,0,0
C00999,M,37,Fineline,655,3,London-UK,1,0
C01000,F,31,Fineline,749,3,London-UK,0,0
C01001,M,24,Fineline,901,3,London-UK,1,0
C01002,F,31,Fineline,805,3,London-UK,0,0
C01003,F,28,Fineline,874,3,London-UK,0,0
C01004,F,39,Fineline,749,3,London-UK,0,0
C01005,F,33,Blackwork,1024,3,London-UK,0,1
C01006,F,36,Fineline,822,3,London-UK,0,0
C01007,F,40,Fineline,656,3,London-UK,0,0
C01008,F,40,Fineline,587,3,London-UK,0,0
C01009,F,40,Fineline,610,3,London-UK,0,0
C01010,M,30,Blackwork,1053,3,London-UK,1,1
C01011,F,39,Fineline,732,3,London-UK,0,0
C01012,F,31,Fineline,898,3,London-UK,0,0
C01013,F,39,Fineline,609,3,London-UK,0,0
C01014,F,27,Fineline,677,3,London-UK,0,0
C01015,F,21,Fineline,657,3,London-UK,0,0
C01016,F,35,Fineline,642,3,London-UK,0,0
C01017,F,37,Fineline,645,3,London-UK,0,0
C01018,F,37,Fineline,597,3,London-UK,0,0
C01019,F,34,Fineline,739,3,London-UK,0,0
C01020,F,40,Fineline,722,3,London-UK,0,0
C01021,F,24,Fineline,883,3,London-UK,0,0
C01022,F,25,Fineline,838,3,London-UK,0,0
C01023,M,20,Fineline,650,3,London-UK,1,0
C01024,F,40,Fineline,628,3,London-UK,0,0
C01025,F,26,Fineline,601,3,London-UK,0,0
C01026,M,39,Fineline,957,3,London-UK,1,0
C01027,F,33,Fineline,909,3,London-UK,0,0
C01028,F,35,Fineline,765,3,London-UK,0,0
C01029,M,36,Fineline,899,3,London-UK,1,0
C01030,F,35,Fineline,629,3,London-UK,0,0
C01031,M,28,Fineline,633,3,London-UK,1,0
C01032,F,24,Fineline,572,3,London-UK,0,0
C01033,F,31,Fineline,557,3,London-UK,0,0
C01034,F,39,Fineline,624,3,London-UK,0,0
C01035,F,20,Fineline,609,3,London-UK,0,0
C01036,F,24,Fineline,812,3,London-UK,0,0
C01037,F,31,Fineline,833,3,London-UK,0,0
C01038,M,33,Fineline,880,3,London-UK,1,0
C01039,M,34,Fineline,607,3,London-UK,1,0
C01040,F,21,Fineline,745,3,London-UK,0,0
C01041,F,25,Fineline,413,2,London-UK,0,0
C01042,F,29,Fineline,440,2,London-UK,0,0
C01043,F,24,Fineline,660,2,London-UK,0,0
C01044,F,40,Fineline,577,2,London-UK,0,0
